u_id,name,profession,max_budget,preferred_tier
1,Yuvarani Krishnan,Intern,11345,budget
2,Hariharan Pillai,Teacher,11439,mid
3,Prakash Manickam,Nurse,9289,mid
4,Ezhil Arasan,Banker,26822,premium
5,Yamini Suresh,Intern,7430,budget
6,Zubair Ahmed,IT Professional,24360,mid
7,Priya Natarajan,Intern,9229,mid
8,Xavieraj Antony,Teacher,11978,mid
9,Ragul Krishnaswamy,Teacher,10237,budget
10,William Raja,Intern,9827,mid
11,Mani Arumugam,Intern,9320,mid
12,Hema Sugumar,Banker,15744,mid
13,Ilangovan Ramasamy,Teacher,12909,budget
14,Eswari Natesan,Student,6674,budget
15,Madhumitha Balaji,Senior Developer,22496,premium
16,Harikrishnan Anand,Banker,20375,mid
17,Elavarasan Natarajan,Student,9074,budget
18,Manikandan Gounder,IT Professional,14116,premium
19,Devika Arumugham,Senior Developer,34392,premium
20,Iswarya Subramanian,Intern,10252,budget
21,Wuheeda Rashid,Teacher,8153,mid
22,Wasim Akram Raja,Intern,9564,mid
23,Wuheeda Rashid,Teacher,13812,mid
24,Tamilarasi Moorthy,Banker,16887,premium
25,Xena Arockia Mary,Student,7660,budget
26,Brindha Thirumala,Entrepreneur,26857,mid
27,Urmi Deva,Teacher,14918,budget
28,Jayashree Kannan,Senior Developer,32276,premium
29,Govindan Ayyasamy,Intern,10242,mid
30,Ilakiya Selvam,Nurse,9815,mid
31,Rajan Murugesan,IT Professional,13251,mid
32,Xavieraj Antony,Senior Developer,29448,premium
33,Manikandan Gounder,IT Professional,15871,mid
34,Arun Selvam,IT Professional,16193,mid
35,Gokulan Murugesan,IT Professional,21869,mid
36,Madhumitha Balaji,Intern,8451,mid
37,Abishek Natarajan,Entrepreneur,29709,premium
38,Logesh Rajan,Nurse,9236,mid
39,Govindan Ayyasamy,Intern,10841,mid
40,Rajan Murugesan,Banker,28047,premium
41,Vignesh Annamalai,Student,7883,budget
42,Chandra Sekar,Banker,22565,premium
43,Mani Arumugam,Student,5466,budget
44,Naga Sundaram,Banker,16257,mid
45,Xena Arockia Mary,Teacher,11790,budget
46,Oviyam Chandrasekaran,Entrepreneur,21168,premium
47,Arun Selvam,Entrepreneur,31428,mid
48,Urmi Deva,Student,8690,budget
49,Fathima Begum,Nurse,13851,budget
50,Lavanya Selvakumar,IT Professional,12641,mid
51,Prabhu Selvaraj,Entrepreneur,29398,mid
52,Harikrishnan Anand,Nurse,11054,mid
53,Cibi Krishnaswamy,Teacher,11348,mid
54,Abishek Natarajan,Student,10168,budget
55,Sahana Murugan,Intern,9700,budget
56,Bharathi Sundaresan,Teacher,10327,mid
57,Ragul Krishnaswamy,IT Professional,17461,mid
58,Balamurali Venkatesh,IT Professional,17731,premium
59,Revathi Parthasarathy,Teacher,9056,budget
60,Nirmala Palanivel,Banker,24157,premium
61,Gokulan Murugesan,Nurse,9046,budget
62,Ezhil Arasan,Teacher,12165,mid
63,Umarani Ganesan,Student,7970,budget
64,Sahana Murugan,IT Professional,15509,premium
65,Zohra Begum,Entrepreneur,21291,mid
66,Sangeetha Ramachandran,IT Professional,14538,mid
67,Tamizh Maran,Banker,28835,mid
68,Nithya Shanmugam,Student,10422,budget
69,Yamuna Palanisamy,IT Professional,21785,premium
70,Jothi Selvam,IT Professional,14658,mid
71,Arun Selvam,IT Professional,23815,premium
72,Lakshmanan Pillai,Student,8365,budget
73,Latha Venkatesh,Senior Developer,32555,premium
74,Dhanabalan Iyer,Entrepreneur,22667,mid
75,Zubair Ahmed,Banker,28248,premium
76,Gowri Shankar,Senior Developer,30053,premium
77,Balaji Sivasubramanian,Entrepreneur,24233,premium
78,Deepa Rajendran,Teacher,9327,budget
79,Thamizhan Perumal,IT Professional,16096,mid
80,Naveen Raj,Entrepreneur,27163,mid
81,Govindan Ayyasamy,Intern,9335,budget
82,Govindan Ayyasamy,IT Professional,16469,premium
83,Yamuna Palanisamy,IT Professional,19167,mid
84,Janaki Venkatesan,Senior Developer,32782,premium
85,Kavitha Subramaniam,Student,8398,budget
86,Naga Sundaram,Teacher,12112,mid
87,Devika Arumugham,Senior Developer,30653,premium
88,Tamizh Maran,Nurse,9839,budget
89,Yuvarani Krishnan,Nurse,8811,mid
90,Malathi Subramaniam,IT Professional,14254,mid
91,Kavitha Subramaniam,Banker,28594,premium
92,Umarani Ganesan,IT Professional,24432,premium
93,Latha Venkatesh,Entrepreneur,15172,mid
94,Govindan Ayyasamy,Student,7096,budget
95,Harikrishnan Anand,IT Professional,20991,premium
96,Tamizh Maran,Intern,9360,budget
97,Ezhil Arasan,Banker,16996,mid
98,Priya Natarajan,Senior Developer,31756,premium
99,Brindha Thirumala,Intern,7908,mid
100,Kumaran Soundararajan,Student,10176,budget
101,Thirumeni Palaniappan,IT Professional,16772,premium
102,Ragul Krishnaswamy,Student,10036,budget
103,Ramesh Vaidyanathan,Senior Developer,31650,premium
104,Fathima Begum,Intern,11288,mid
105,Anitha Durai,Intern,11309,budget
106,Bhuvana Govindasamy,Teacher,11851,budget
107,Madhumitha Balaji,Teacher,11058,mid
108,Sangeetha Ramachandran,Student,7925,budget
109,Murugan Pillai,Nurse,9975,budget
110,Kalai Mani,Nurse,9092,budget
111,Wasim Akram Raja,Nurse,12472,mid
112,Yamuna Palanisamy,IT Professional,24765,premium
113,Ezhil Arasan,Entrepreneur,20972,mid
114,Murugan Pillai,Intern,12865,mid
115,Elavarasan Natarajan,Student,7403,budget
116,Anand Krishnamoorthy,Student,6634,budget
117,Kavitha Subramaniam,Nurse,10540,mid
118,Arun Selvam,Entrepreneur,23300,mid
119,Gokulan Murugesan,Senior Developer,27375,premium
120,Xavier Arockiaraj,Student,10371,budget
121,Uma Dhanasekar,Banker,17039,premium
122,Yamini Suresh,Teacher,11276,mid
123,Vijay Mahendran,Teacher,10777,budget
124,Radha Subramani,Entrepreneur,31302,premium
125,Chithra Murugesan,Banker,28126,mid
126,Yogesh Sundareswaran,Teacher,8646,mid
127,Suganya Muthukumar,IT Professional,20937,premium
128,Arun Selvam,Nurse,8840,budget
129,Sangeetha Ramachandran,Nurse,13414,mid
130,Hariharan Pillai,Banker,22305,premium
131,Rajan Murugesan,IT Professional,23301,premium
132,Abishek Natarajan,Nurse,11662,budget
133,Oviya Krishnaswamy,Nurse,13036,mid
134,Urmi Deva,Banker,25477,mid
135,Vijay Mahendran,Intern,12498,mid
136,Brindha Thirumala,Nurse,12203,budget
137,Dhanabalan Iyer,Student,6169,budget
138,Sahana Murugan,Student,6034,budget
139,Xena Arockia Mary,Senior Developer,30003,premium
140,Saravanan Palaniswamy,Teacher,12646,budget
141,Nirmala Palanivel,IT Professional,23125,premium
142,Gowri Shankar,Nurse,11047,mid
143,Umarani Ganesan,Intern,11701,budget
144,Xavieraj Antony,Nurse,11260,mid
145,Nithya Shanmugam,Banker,19089,mid
146,Suganya Muthukumar,Student,6524,budget
147,Kalaiyarasan Mani,Teacher,12601,budget
148,Umarani Ganesan,Banker,27697,premium
149,Wuheeda Rashid,Entrepreneur,22031,premium
150,Xena Arockia Mary,Entrepreneur,21559,mid
151,Zubair Ahmed,IT Professional,13213,premium
152,Poornima Chandran,IT Professional,23687,premium
153,Jayashree Kannan,Intern,12586,mid
154,Aravind Rajagopal,Nurse,13812,budget
155,Palani Rajan,Banker,29603,premium
156,Nirmala Palanivel,IT Professional,23662,mid
157,Kumaran Soundararajan,Nurse,12167,budget
158,Aravind Rajagopal,Intern,8646,budget
159,Prabhu Selvaraj,Senior Developer,34188,premium
160,Jothi Selvam,Nurse,12538,mid
161,Valli Shanmugavelu,Entrepreneur,19252,mid
162,Ramesh Vaidyanathan,Intern,9533,mid
163,Priya Natarajan,Entrepreneur,28460,premium
164,Revathi Parthasarathy,Intern,8026,mid
165,Ragul Krishnaswamy,Intern,10686,mid
166,Balamurali Venkatesh,Nurse,9051,budget
167,Poornima Chandran,IT Professional,19088,mid
168,Prabhu Selvaraj,Intern,11244,budget
169,Devika Arumugham,Banker,17697,mid
170,Chelladurai Pandian,Nurse,13810,budget
171,Indira Manoharan,Nurse,12250,mid
172,Hema Sugumar,Intern,9052,budget
173,Poornima Chandran,Banker,17050,premium
174,Velmurugan Rajaram,Intern,11117,budget
175,Deepa Rajendran,IT Professional,14804,premium
176,Ilangovan Ramasamy,Student,5232,budget
177,Thirumeni Palaniappan,Student,10254,budget
178,Anuradha Krishnan,Senior Developer,31650,premium
179,Yuvarani Krishnan,Entrepreneur,24491,premium
180,Deepa Rajendran,Entrepreneur,23024,premium
181,Yuvarani Krishnan,Banker,22430,mid
182,Dhanabalan Iyer,Student,6294,budget
183,Karthik Balasubramanian,Teacher,11966,mid
184,Brindha Thirumala,Senior Developer,29147,premium
185,Ilakiya Selvam,Nurse,13884,mid
186,Hemalatha Durai,Nurse,11266,budget
187,Wasim Akram Raja,Nurse,12218,budget
188,Yogesh Sundareswaran,Nurse,9980,mid
189,Geetha Radhakrishnan,Intern,9191,mid
190,Palani Rajan,Senior Developer,22616,premium
191,Saravanan Palaniswamy,Student,7377,budget
192,Usha Gopalakrishnan,Teacher,10033,budget
193,Yuvarani Krishnan,Nurse,12732,mid
194,Latha Venkatesh,Senior Developer,23221,premium
195,Xavieraj Antony,Entrepreneur,31343,premium
196,Vasanth Krishnaswamy,Entrepreneur,15759,mid
197,Prabhu Selvaraj,Teacher,12140,mid
198,Revathi Parthasarathy,Senior Developer,25049,premium
199,Nithya Shanmugam,Student,5414,budget
200,Balaji Sivasubramanian,Entrepreneur,30420,premium
201,Saranya Murugesan,Student,5880,budget
202,William Raja,IT Professional,16333,premium
203,Geetha Radhakrishnan,Teacher,10997,budget
204,Dhanabalan Iyer,Teacher,8419,budget
205,Vadivu Ramasamy,Nurse,12532,mid
206,Karthik Balasubramanian,Intern,10164,mid
207,Chandra Sekar,Banker,28521,mid
208,Vasanth Krishnaswamy,IT Professional,13584,premium
209,Uma Dhanasekar,Nurse,10777,mid
210,Tamizh Maran,IT Professional,15261,premium
211,Hemalatha Durai,Student,5371,budget
212,Xena Arockia Mary,IT Professional,23691,premium
213,Oviyam Chandrasekaran,Entrepreneur,29974,mid
214,Radha Subramani,IT Professional,17373,premium
215,Sangeetha Ramachandran,IT Professional,18438,premium
216,Urmi Deva,Nurse,12155,mid
217,Dhanalakshmi Perumal,Banker,22780,mid
218,Radha Subramani,Nurse,10713,budget
219,Latha Venkatesh,Teacher,12781,mid
220,Thirumeni Palaniappan,Student,9889,budget
221,Kalai Mani,Banker,25741,mid
222,Anuradha Krishnan,Student,9780,budget
223,Xena Arockia Mary,IT Professional,20589,premium
224,Devika Arumugham,IT Professional,23153,mid
225,Harikrishnan Anand,Student,9690,budget
226,Kumaran Soundararajan,Senior Developer,18620,premium
227,Revathi Parthasarathy,Nurse,11430,budget
228,Brindha Thirumala,Teacher,13656,budget
229,Vijay Mahendran,Teacher,12110,mid
230,Ragul Krishnaswamy,Student,10781,budget
231,Saravanan Palaniswamy,Senior Developer,28651,premium
232,Yogesh Sundareswaran,Teacher,10570,budget
233,Meena Thiyagarajan,Entrepreneur,26217,premium
234,Ganesh Raman,Banker,24995,premium
235,Palani Rajan,Senior Developer,26077,premium
236,Manikandan Gounder,Banker,18684,premium
237,Kavitha Subramaniam,Banker,26549,mid
238,Prakash Manickam,Entrepreneur,25388,premium
239,Saranya Murugesan,Nurse,12591,mid
240,Logesh Rajan,Banker,16996,premium
241,Durai Perumal,Teacher,14704,mid
242,Umarani Ganesan,IT Professional,16758,mid
243,Anitha Durai,Banker,26700,mid
244,Chelladurai Pandian,Nurse,11623,mid
245,Arun Selvam,Entrepreneur,22011,mid
246,Fathima Begum,Banker,24208,premium
247,Thirumeni Palaniappan,IT Professional,13789,mid
248,Chithra Murugesan,Senior Developer,19663,premium
249,Wuheeda Rashid,Senior Developer,19720,premium
250,Fathima Begum,Teacher,10705,mid
251,Radha Subramani,Intern,12580,budget
252,Arjun Krishnamurthy,Student,9508,budget
253,Meena Thiyagarajan,Teacher,13348,mid
254,Chithra Murugesan,Entrepreneur,21535,premium
255,Vignesh Annamalai,Nurse,10338,budget
256,Arjun Krishnamurthy,Intern,12343,budget
257,Ganesh Raman,Student,6434,budget
258,Saranya Murugesan,IT Professional,12595,premium
259,Geetha Radhakrishnan,Entrepreneur,21105,premium
260,Jayashree Kannan,Student,5075,budget
261,Sangeetha Ramachandran,Intern,9744,mid
262,Ramesh Vaidyanathan,Entrepreneur,31184,mid
263,Premalatha Natarajan,Entrepreneur,23940,mid
264,Suresh Karuppiah,Intern,9708,budget
265,Bharathi Sundaresan,Entrepreneur,23430,mid
266,Premalatha Natarajan,Student,7761,budget
267,Deepa Rajendran,Senior Developer,23750,premium
268,Wasim Akram Raja,Teacher,12221,mid
269,Dhanalakshmi Perumal,Intern,10283,budget
270,Jayashree Kannan,IT Professional,14303,premium
271,Yogesh Sundareswaran,Nurse,10032,budget
272,Aravind Rajagopal,Banker,21284,mid
273,Malathi Subramaniam,Entrepreneur,23748,premium
274,Eswari Natesan,Banker,24543,mid
275,Oviya Krishnaswamy,Banker,25709,premium
276,Xavieraj Antony,Senior Developer,20035,premium
277,Oviya Krishnaswamy,Entrepreneur,25053,mid
278,Revathi Parthasarathy,Teacher,13620,mid
279,Usha Gopalakrishnan,Intern,12232,mid
280,Ramesh Vaidyanathan,Nurse,13035,budget
281,Oviya Krishnaswamy,Senior Developer,22376,premium
282,Thamizhan Perumal,IT Professional,19454,premium
283,Durai Perumal,Teacher,13750,mid
284,Chandra Sekar,Senior Developer,26108,premium
285,Rajesh Pandian,Entrepreneur,26854,mid
286,Lavanya Selvakumar,Intern,7505,budget
287,Thamizhan Perumal,IT Professional,14695,premium
288,Kalaiyarasan Mani,Entrepreneur,18808,mid
289,Lakshmanan Pillai,Entrepreneur,17979,premium
290,Ganesh Raman,Student,8714,budget
291,Palani Rajan,Teacher,11742,budget
292,Ilangovan Ramasamy,Entrepreneur,25098,mid
293,Yamini Suresh,Teacher,10084,budget
294,Prabhu Selvaraj,Senior Developer,20393,premium
295,Lavanya Selvakumar,Teacher,10822,budget
296,Zohra Begum,Student,5565,budget
297,Vasanth Krishnaswamy,Student,7351,budget
298,Prakash Manickam,IT Professional,24598,mid
299,Fathima Begum,Teacher,11067,mid
300,Kamala Devi Shankar,Entrepreneur,27369,premium
301,Thamizhan Perumal,Intern,12592,budget
302,Wasim Akram Raja,Nurse,8971,budget
303,Valli Shanmugavelu,Teacher,12332,budget
304,Saravanan Palaniswamy,Senior Developer,18113,premium
305,Prakash Manickam,Banker,22585,premium
306,Govindan Ayyasamy,Teacher,14744,budget
307,Meena Thiyagarajan,Senior Developer,33093,premium
308,Anuradha Krishnan,IT Professional,16516,mid
309,Hariharan Pillai,Intern,7263,mid
310,Usha Gopalakrishnan,Student,6971,budget
311,Vijay Mahendran,Intern,7826,budget
312,Kalaiyarasan Mani,Entrepreneur,16595,mid
313,Kamala Devi Shankar,Student,8295,budget
314,Anitha Durai,Senior Developer,25119,premium
315,Lavanya Selvakumar,IT Professional,20255,premium
316,Rajan Murugesan,Senior Developer,28449,premium
317,Prabhu Selvaraj,Senior Developer,27888,premium
318,Dhanalakshmi Perumal,Senior Developer,31551,premium
319,Priya Natarajan,Banker,15998,mid
320,Xavier Arockiaraj,Teacher,12553,mid
321,Bhuvana Govindasamy,Student,7821,budget
322,Sahana Murugan,Nurse,13704,mid
323,Lavanya Selvakumar,Teacher,9222,mid
324,Elavarasan Natarajan,Teacher,9506,mid
325,Mani Arumugam,Senior Developer,25384,premium
326,Saranya Murugesan,IT Professional,19586,mid
327,Rajesh Pandian,Teacher,11412,budget
328,Naga Sundaram,Teacher,9989,mid
329,Saravanan Palaniswamy,Senior Developer,28822,premium
330,Senthil Kumar,Entrepreneur,27159,mid
331,Oviyam Chandrasekaran,Senior Developer,19688,premium
332,Zubair Ahmed,Teacher,13518,budget
333,Eswari Natesan,Intern,8541,budget
334,Kamala Devi Shankar,Entrepreneur,21844,premium
335,Malathi Subramaniam,Banker,29892,mid
336,Logesh Rajan,Senior Developer,24226,premium
337,Revathi Parthasarathy,Entrepreneur,22949,mid
338,Vignesh Annamalai,Teacher,9960,mid
339,Senthil Kumar,Banker,21236,premium
340,Anuradha Krishnan,Nurse,10526,mid
341,Priya Natarajan,Nurse,12200,mid
342,Bhuvana Govindasamy,Entrepreneur,18231,premium
343,Tamizh Maran,Nurse,9664,mid
344,Meena Thiyagarajan,Nurse,11390,budget
345,Ilakiya Selvam,Senior Developer,22781,premium
346,Senthil Kumar,Banker,24065,premium
347,Ilangovan Ramasamy,Banker,17497,mid
348,Yamini Suresh,Nurse,9884,mid
349,Karthik Balasubramanian,Senior Developer,34361,premium
350,Anand Krishnamoorthy,Banker,27506,premium
351,Saranya Murugesan,Entrepreneur,30100,mid
352,Ramesh Vaidyanathan,Nurse,9386,budget
353,Indira Manoharan,Entrepreneur,21030,mid
354,Abishek Natarajan,Student,5608,budget
355,Wasim Akram Raja,Student,8378,budget
356,Zubair Ahmed,Senior Developer,20227,premium
357,Zohra Begum,Student,6791,budget
358,Harikrishnan Anand,Nurse,8495,mid
359,Valli Shanmugavelu,Entrepreneur,15515,mid
360,Hariharan Pillai,Teacher,8097,budget
361,Radha Subramani,Banker,23777,premium
362,Meena Thiyagarajan,Student,9114,budget
363,Chithra Murugesan,IT Professional,13753,mid
364,Madhumitha Balaji,IT Professional,15948,mid
365,Deepa Rajendran,Banker,28356,premium
366,Kumaran Soundararajan,Banker,28024,premium
367,Kumaran Soundararajan,Intern,10056,mid
368,Durai Perumal,Entrepreneur,22969,mid
369,Gowri Shankar,Banker,26207,mid
370,Tamilarasi Moorthy,Student,5765,budget
371,Eswar Prakash,Teacher,11089,mid
372,Nirmala Palanivel,Student,10216,budget
373,Premalatha Natarajan,IT Professional,13354,premium
374,Malathi Subramaniam,Teacher,13283,mid
375,Urmi Deva,Intern,11326,budget
376,Hariharan Pillai,Senior Developer,24927,premium
377,Janaki Venkatesan,Banker,15762,mid
378,Omkar Arasan,Banker,29734,mid
379,Xavier Arockiaraj,IT Professional,17152,mid
380,Manikandan Gounder,Senior Developer,22724,premium
381,Vijay Mahendran,Intern,9451,budget
382,Hemalatha Durai,Senior Developer,30751,premium
383,Hema Sugumar,Teacher,14189,budget
384,Murugan Pillai,Intern,11102,mid
385,Vignesh Annamalai,Student,5800,budget
386,Senthil Kumar,Senior Developer,20490,premium
387,Bhuvana Govindasamy,Teacher,14336,mid
388,Ezhil Arasan,Student,10194,budget
389,Durai Perumal,Entrepreneur,31076,mid
390,Hema Sugumar,Nurse,12530,mid
391,Balaji Sivasubramanian,Teacher,9521,mid
392,Velmurugan Rajaram,Intern,12067,mid
393,Yuvarani Krishnan,Senior Developer,20408,premium
394,Vadivu Ramasamy,Banker,17526,premium
395,Sathish Kumarasamy,IT Professional,24118,premium
396,Kalai Mani,Nurse,10954,budget
397,Geetha Radhakrishnan,Intern,7042,mid
398,Xavier Arockiaraj,Entrepreneur,26793,premium
399,Indira Manoharan,Intern,8085,budget
400,Hemalatha Durai,IT Professional,19061,premium
401,Valli Shanmugavelu,Teacher,8846,budget
402,Sahana Murugan,Intern,9899,budget
403,Vignesh Annamalai,Nurse,11155,budget
404,Suganya Muthukumar,Banker,21779,premium
405,Karthik Balasubramanian,Intern,12937,budget
406,Nithya Shanmugam,IT Professional,23228,premium
407,Indira Manoharan,IT Professional,14274,premium
408,Naveen Raj,Banker,19397,premium
409,Palani Rajan,IT Professional,13036,mid
410,Dhanabalan Iyer,Teacher,10260,mid
411,Velmurugan Rajaram,Banker,22933,mid
412,Abishek Natarajan,Nurse,10061,budget
413,Dinesh Venkataraman,Entrepreneur,21407,premium
414,Vignesh Annamalai,Intern,8109,mid
415,Lakshmi Chandrasekaran,Student,8241,budget
416,Zubair Ahmed,Teacher,14586,mid
417,Nirmala Palanivel,Entrepreneur,25968,premium
418,Chandra Sekar,IT Professional,16922,premium
419,Yamini Suresh,Senior Developer,33696,premium
420,Eswar Prakash,IT Professional,18524,premium
421,Usha Gopalakrishnan,Banker,27040,premium
422,Logesh Rajan,Senior Developer,28678,premium
423,Saravanan Palaniswamy,Banker,28377,premium
424,Velmurugan Rajaram,Nurse,8932,budget
425,Ganesh Raman,IT Professional,23169,mid
426,Iswarya Subramanian,Entrepreneur,21869,premium
427,Narayanan Raman,Banker,28619,mid
428,Jothi Selvam,Teacher,13513,mid
429,Lakshmi Chandrasekaran,IT Professional,22376,premium
430,Naga Sundaram,Senior Developer,26279,premium
431,Premalatha Natarajan,Teacher,14464,mid
432,Lakshmi Chandrasekaran,Intern,10678,mid
433,Chelladurai Pandian,Teacher,12377,mid
434,Yamini Suresh,Student,7945,budget
435,Yamuna Palanisamy,Intern,9033,mid
436,Saravanan Palaniswamy,IT Professional,22600,mid
437,Janaki Venkatesan,Teacher,14165,mid
438,Jothi Selvam,Teacher,8867,budget
439,Suresh Karuppiah,Intern,9119,budget
440,Iswarya Subramanian,Senior Developer,32607,premium
441,Fathima Begum,Teacher,11793,budget
442,Sahana Murugan,Nurse,8201,mid
443,Priya Natarajan,Intern,9420,mid
444,Chelladurai Pandian,Intern,7950,budget
445,Valli Shanmugavelu,Nurse,10555,mid
446,Deepa Rajendran,Entrepreneur,21778,premium
447,Meena Thiyagarajan,Nurse,11900,budget
448,Dhanalakshmi Perumal,Entrepreneur,29825,premium
449,Latha Venkatesh,Intern,9459,budget
450,Lakshmi Chandrasekaran,Intern,7185,mid
451,Eswari Natesan,Intern,12547,budget
452,Jeyarani Manickam,Senior Developer,34908,premium
453,Yamini Suresh,IT Professional,17422,premium
454,Vasanth Krishnaswamy,Entrepreneur,22597,premium
455,Durai Perumal,IT Professional,15053,premium
456,Kalaiyarasan Mani,Teacher,8239,budget
457,Rajan Murugesan,Entrepreneur,29075,premium
458,Oviya Krishnaswamy,Student,10773,budget
459,Uma Dhanasekar,Senior Developer,27120,premium
460,Valli Shanmugavelu,Intern,11398,budget
461,Radha Subramani,Nurse,10670,budget
462,Bhuvana Govindasamy,Entrepreneur,18734,premium
463,Ganesh Raman,Entrepreneur,25269,premium
464,Naveen Raj,Teacher,12808,budget
465,Velmurugan Rajaram,Nurse,10883,mid
466,Zubair Ahmed,IT Professional,23036,premium
467,Malathi Subramaniam,Intern,12505,budget
468,Bharathi Sundaresan,Nurse,8965,budget
469,Tamilarasi Moorthy,Banker,16916,mid
470,Durai Perumal,Nurse,13680,budget
471,Anitha Durai,Teacher,11426,budget
472,Devika Arumugham,Teacher,11465,budget
473,Xavieraj Antony,Entrepreneur,20676,mid
474,Chithra Murugesan,Entrepreneur,24464,mid
475,Saranya Murugesan,IT Professional,17154,premium
476,Oviya Krishnaswamy,Student,7941,budget
477,Kumaran Soundararajan,Entrepreneur,19473,mid
478,Rajesh Pandian,Teacher,12600,mid
479,Manikandan Gounder,Teacher,13609,mid
480,Xena Arockia Mary,Teacher,13817,mid
481,Nirmala Palanivel,Entrepreneur,20480,mid
482,Lavanya Selvakumar,Student,6806,budget
483,Arun Selvam,Student,7251,budget
484,Anand Krishnamoorthy,Banker,17755,premium
485,Elavarasan Natarajan,Entrepreneur,31738,mid
486,Kumaran Soundararajan,Intern,9194,mid
487,Dhanalakshmi Perumal,Student,10889,budget
488,Geetha Radhakrishnan,Senior Developer,31931,premium
489,Lakshmi Chandrasekaran,Senior Developer,27755,premium
490,Ezhil Arasan,Entrepreneur,23611,premium
491,Murugan Pillai,Intern,10596,budget
492,Geetha Radhakrishnan,Senior Developer,24877,premium
493,Narayanan Raman,Teacher,9359,budget
494,Kavitha Subramaniam,Senior Developer,24781,premium
495,Dhanabalan Iyer,Nurse,12360,mid
496,Meena Thiyagarajan,IT Professional,17302,premium
497,Aravind Rajagopal,Banker,24383,premium
498,Lakshmanan Pillai,Intern,8110,mid
499,Jeyarani Manickam,Student,7271,budget
500,Tamilarasi Moorthy,IT Professional,16090,mid
